operation_count,data_distribution
250,"[{'status': 'UN', 'address': '127.0.0.2', 'load': '99.14 KiB', 'tokens': 16, 'owns': '24.0%', 'host_id': '18681966-978f-4d09-8cb5-f7c128932b5d', 'rack': 'rack1'}, {'status': 'UN', 'address': '127.0.0.1', 'load': '149.55 KiB', 'tokens': 16, 'owns': '27.1%', 'host_id': 'b07e2ec9-85d0-484e-b201-b9c9bc90ba55', 'rack': 'rack1'}, {'status': 'UN', 'address': '127.0.0.4', 'load': '117.45 KiB', 'tokens': 16, 'owns': '19.0%', 'host_id': '1c4557d8-e35b-4b36-ad01-3b34e62b0b46', 'rack': 'rack1'}, {'status': 'UN', 'address': '127.0.0.3', 'load': '117.4 KiB', 'tokens': 16, 'owns': '29.8%', 'host_id': '2da49f5b-5819-4c8f-8d50-f05f63e986a5', 'rack': 'rack1'}]"
500,"[{'status': 'UN', 'address': '127.0.0.2', 'load': '99.14 KiB', 'tokens': 16, 'owns': '24.0%', 'host_id': '18681966-978f-4d09-8cb5-f7c128932b5d', 'rack': 'rack1'}, {'status': 'UN', 'address': '127.0.0.1', 'load': '157.49 KiB', 'tokens': 16, 'owns': '27.1%', 'host_id': 'b07e2ec9-85d0-484e-b201-b9c9bc90ba55', 'rack': 'rack1'}, {'status': 'UN', 'address': '127.0.0.4', 'load': '117.45 KiB', 'tokens': 16, 'owns': '19.0%', 'host_id': '1c4557d8-e35b-4b36-ad01-3b34e62b0b46', 'rack': 'rack1'}, {'status': 'UN', 'address': '127.0.0.3', 'load': '117.4 KiB', 'tokens': 16, 'owns': '29.8%', 'host_id': '2da49f5b-5819-4c8f-8d50-f05f63e986a5', 'rack': 'rack1'}]"
750,"[{'status': 'UN', 'address': '127.0.0.2', 'load': '99.14 KiB', 'tokens': 16, 'owns': '24.0%', 'host_id': '18681966-978f-4d09-8cb5-f7c128932b5d', 'rack': 'rack1'}, {'status': 'UN', 'address': '127.0.0.1', 'load': '165.6 KiB', 'tokens': 16, 'owns': '27.1%', 'host_id': 'b07e2ec9-85d0-484e-b201-b9c9bc90ba55', 'rack': 'rack1'}, {'status': 'UN', 'address': '127.0.0.4', 'load': '117.45 KiB', 'tokens': 16, 'owns': '19.0%', 'host_id': '1c4557d8-e35b-4b36-ad01-3b34e62b0b46', 'rack': 'rack1'}, {'status': 'UN', 'address': '127.0.0.3', 'load': '117.4 KiB', 'tokens': 16, 'owns': '29.8%', 'host_id': '2da49f5b-5819-4c8f-8d50-f05f63e986a5', 'rack': 'rack1'}]"
1000,"[{'status': 'UN', 'address': '127.0.0.2', 'load': '80.71 KiB', 'tokens': 16, 'owns': '24.0%', 'host_id': '18681966-978f-4d09-8cb5-f7c128932b5d', 'rack': 'rack1'}, {'status': 'UN', 'address': '127.0.0.1', 'load': '158.25 KiB', 'tokens': 16, 'owns': '27.1%', 'host_id': 'b07e2ec9-85d0-484e-b201-b9c9bc90ba55', 'rack': 'rack1'}, {'status': 'UN', 'address': '127.0.0.4', 'load': '117.45 KiB', 'tokens': 16, 'owns': '19.0%', 'host_id': '1c4557d8-e35b-4b36-ad01-3b34e62b0b46', 'rack': 'rack1'}, {'status': 'UN', 'address': '127.0.0.3', 'load': '117.4 KiB', 'tokens': 16, 'owns': '29.8%', 'host_id': '2da49f5b-5819-4c8f-8d50-f05f63e986a5', 'rack': 'rack1'}]"
1250,"[{'status': 'UN', 'address': '127.0.0.2', 'load': '80.71 KiB', 'tokens': 16, 'owns': '24.0%', 'host_id': '18681966-978f-4d09-8cb5-f7c128932b5d', 'rack': 'rack1'}, {'status': 'UN', 'address': '127.0.0.1', 'load': '183.29 KiB', 'tokens': 16, 'owns': '27.1%', 'host_id': 'b07e2ec9-85d0-484e-b201-b9c9bc90ba55', 'rack': 'rack1'}, {'status': 'UN', 'address': '127.0.0.4', 'load': '117.45 KiB', 'tokens': 16, 'owns': '19.0%', 'host_id': '1c4557d8-e35b-4b36-ad01-3b34e62b0b46', 'rack': 'rack1'}, {'status': 'UN', 'address': '127.0.0.3', 'load': '117.4 KiB', 'tokens': 16, 'owns': '29.8%', 'host_id': '2da49f5b-5819-4c8f-8d50-f05f63e986a5', 'rack': 'rack1'}]"
1500,"[{'status': 'UN', 'address': '127.0.0.2', 'load': '80.71 KiB', 'tokens': 16, 'owns': '24.0%', 'host_id': '18681966-978f-4d09-8cb5-f7c128932b5d', 'rack': 'rack1'}, {'status': 'UN', 'address': '127.0.0.1', 'load': '190.63 KiB', 'tokens': 16, 'owns': '27.1%', 'host_id': 'b07e2ec9-85d0-484e-b201-b9c9bc90ba55', 'rack': 'rack1'}, {'status': 'UN', 'address': '127.0.0.4', 'load': '117.45 KiB', 'tokens': 16, 'owns': '19.0%', 'host_id': '1c4557d8-e35b-4b36-ad01-3b34e62b0b46', 'rack': 'rack1'}, {'status': 'UN', 'address': '127.0.0.3', 'load': '117.4 KiB', 'tokens': 16, 'owns': '29.8%', 'host_id': '2da49f5b-5819-4c8f-8d50-f05f63e986a5', 'rack': 'rack1'}]"
1750,"[{'status': 'UN', 'address': '127.0.0.2', 'load': '80.71 KiB', 'tokens': 16, 'owns': '24.0%', 'host_id': '18681966-978f-4d09-8cb5-f7c128932b5d', 'rack': 'rack1'}, {'status': 'UN', 'address': '127.0.0.1', 'load': '183.78 KiB', 'tokens': 16, 'owns': '27.1%', 'host_id': 'b07e2ec9-85d0-484e-b201-b9c9bc90ba55', 'rack': 'rack1'}, {'status': 'UN', 'address': '127.0.0.4', 'load': '117.45 KiB', 'tokens': 16, 'owns': '19.0%', 'host_id': '1c4557d8-e35b-4b36-ad01-3b34e62b0b46', 'rack': 'rack1'}, {'status': 'UN', 'address': '127.0.0.3', 'load': '117.4 KiB', 'tokens': 16, 'owns': '29.8%', 'host_id': '2da49f5b-5819-4c8f-8d50-f05f63e986a5', 'rack': 'rack1'}]"
2000,"[{'status': 'UN', 'address': '127.0.0.2', 'load': '80.71 KiB', 'tokens': 16, 'owns': '24.0%', 'host_id': '18681966-978f-4d09-8cb5-f7c128932b5d', 'rack': 'rack1'}, {'status': 'UN', 'address': '127.0.0.1', 'load': '207.85 KiB', 'tokens': 16, 'owns': '27.1%', 'host_id': 'b07e2ec9-85d0-484e-b201-b9c9bc90ba55', 'rack': 'rack1'}, {'status': 'UN', 'address': '127.0.0.4', 'load': '117.45 KiB', 'tokens': 16, 'owns': '19.0%', 'host_id': '1c4557d8-e35b-4b36-ad01-3b34e62b0b46', 'rack': 'rack1'}, {'status': 'UN', 'address': '127.0.0.3', 'load': '117.4 KiB', 'tokens': 16, 'owns': '29.8%', 'host_id': '2da49f5b-5819-4c8f-8d50-f05f63e986a5', 'rack': 'rack1'}]"
2250,"[{'status': 'UN', 'address': '127.0.0.2', 'load': '80.71 KiB', 'tokens': 16, 'owns': '24.0%', 'host_id': '18681966-978f-4d09-8cb5-f7c128932b5d', 'rack': 'rack1'}, {'status': 'UN', 'address': '127.0.0.1', 'load': '215.44 KiB', 'tokens': 16, 'owns': '27.1%', 'host_id': 'b07e2ec9-85d0-484e-b201-b9c9bc90ba55', 'rack': 'rack1'}, {'status': 'UN', 'address': '127.0.0.4', 'load': '117.45 KiB', 'tokens': 16, 'owns': '19.0%', 'host_id': '1c4557d8-e35b-4b36-ad01-3b34e62b0b46', 'rack': 'rack1'}, {'status': 'UN', 'address': '127.0.0.3', 'load': '134.89 KiB', 'tokens': 16, 'owns': '29.8%', 'host_id': '2da49f5b-5819-4c8f-8d50-f05f63e986a5', 'rack': 'rack1'}]"
2500,"[{'status': 'UN', 'address': '127.0.0.2', 'load': '80.71 KiB', 'tokens': 16, 'owns': '24.0%', 'host_id': '18681966-978f-4d09-8cb5-f7c128932b5d', 'rack': 'rack1'}, {'status': 'UN', 'address': '127.0.0.1', 'load': '208.32 KiB', 'tokens': 16, 'owns': '27.1%', 'host_id': 'b07e2ec9-85d0-484e-b201-b9c9bc90ba55', 'rack': 'rack1'}, {'status': 'UN', 'address': '127.0.0.4', 'load': '117.45 KiB', 'tokens': 16, 'owns': '19.0%', 'host_id': '1c4557d8-e35b-4b36-ad01-3b34e62b0b46', 'rack': 'rack1'}, {'status': 'UN', 'address': '127.0.0.3', 'load': '134.89 KiB', 'tokens': 16, 'owns': '29.8%', 'host_id': '2da49f5b-5819-4c8f-8d50-f05f63e986a5', 'rack': 'rack1'}]"
2750,"[{'status': 'UN', 'address': '127.0.0.2', 'load': '80.71 KiB', 'tokens': 16, 'owns': '24.0%', 'host_id': '18681966-978f-4d09-8cb5-f7c128932b5d', 'rack': 'rack1'}, {'status': 'UN', 'address': '127.0.0.1', 'load': '182.48 KiB', 'tokens': 16, 'owns': '27.1%', 'host_id': 'b07e2ec9-85d0-484e-b201-b9c9bc90ba55', 'rack': 'rack1'}, {'status': 'UN', 'address': '127.0.0.4', 'load': '134.94 KiB', 'tokens': 16, 'owns': '19.0%', 'host_id': '1c4557d8-e35b-4b36-ad01-3b34e62b0b46', 'rack': 'rack1'}, {'status': 'UN', 'address': '127.0.0.3', 'load': '134.89 KiB', 'tokens': 16, 'owns': '29.8%', 'host_id': '2da49f5b-5819-4c8f-8d50-f05f63e986a5', 'rack': 'rack1'}]"
3000,"[{'status': 'UN', 'address': '127.0.0.2', 'load': '80.71 KiB', 'tokens': 16, 'owns': '24.0%', 'host_id': '18681966-978f-4d09-8cb5-f7c128932b5d', 'rack': 'rack1'}, {'status': 'UN', 'address': '127.0.0.1', 'load': '207.23 KiB', 'tokens': 16, 'owns': '27.1%', 'host_id': 'b07e2ec9-85d0-484e-b201-b9c9bc90ba55', 'rack': 'rack1'}, {'status': 'UN', 'address': '127.0.0.4', 'load': '134.94 KiB', 'tokens': 16, 'owns': '19.0%', 'host_id': '1c4557d8-e35b-4b36-ad01-3b34e62b0b46', 'rack': 'rack1'}, {'status': 'UN', 'address': '127.0.0.3', 'load': '134.89 KiB', 'tokens': 16, 'owns': '29.8%', 'host_id': '2da49f5b-5819-4c8f-8d50-f05f63e986a5', 'rack': 'rack1'}]"
3250,"[{'status': 'UN', 'address': '127.0.0.2', 'load': '80.71 KiB', 'tokens': 16, 'owns': '24.0%', 'host_id': '18681966-978f-4d09-8cb5-f7c128932b5d', 'rack': 'rack1'}, {'status': 'UN', 'address': '127.0.0.1', 'load': '201.07 KiB', 'tokens': 16, 'owns': '27.1%', 'host_id': 'b07e2ec9-85d0-484e-b201-b9c9bc90ba55', 'rack': 'rack1'}, {'status': 'UN', 'address': '127.0.0.4', 'load': '134.94 KiB', 'tokens': 16, 'owns': '19.0%', 'host_id': '1c4557d8-e35b-4b36-ad01-3b34e62b0b46', 'rack': 'rack1'}, {'status': 'UN', 'address': '127.0.0.3', 'load': '134.89 KiB', 'tokens': 16, 'owns': '29.8%', 'host_id': '2da49f5b-5819-4c8f-8d50-f05f63e986a5', 'rack': 'rack1'}]"
3500,"[{'status': 'UN', 'address': '127.0.0.2', 'load': '80.71 KiB', 'tokens': 16, 'owns': '24.0%', 'host_id': '18681966-978f-4d09-8cb5-f7c128932b5d', 'rack': 'rack1'}, {'status': 'UN', 'address': '127.0.0.1', 'load': '224.98 KiB', 'tokens': 16, 'owns': '27.1%', 'host_id': 'b07e2ec9-85d0-484e-b201-b9c9bc90ba55', 'rack': 'rack1'}, {'status': 'UN', 'address': '127.0.0.4', 'load': '134.94 KiB', 'tokens': 16, 'owns': '19.0%', 'host_id': '1c4557d8-e35b-4b36-ad01-3b34e62b0b46', 'rack': 'rack1'}, {'status': 'UN', 'address': '127.0.0.3', 'load': '134.89 KiB', 'tokens': 16, 'owns': '29.8%', 'host_id': '2da49f5b-5819-4c8f-8d50-f05f63e986a5', 'rack': 'rack1'}]"
3750,"[{'status': 'UN', 'address': '127.0.0.2', 'load': '80.71 KiB', 'tokens': 16, 'owns': '24.0%', 'host_id': '18681966-978f-4d09-8cb5-f7c128932b5d', 'rack': 'rack1'}, {'status': 'UN', 'address': '127.0.0.1', 'load': '232.23 KiB', 'tokens': 16, 'owns': '27.1%', 'host_id': 'b07e2ec9-85d0-484e-b201-b9c9bc90ba55', 'rack': 'rack1'}, {'status': 'UN', 'address': '127.0.0.4', 'load': '134.94 KiB', 'tokens': 16, 'owns': '19.0%', 'host_id': '1c4557d8-e35b-4b36-ad01-3b34e62b0b46', 'rack': 'rack1'}, {'status': 'UN', 'address': '127.0.0.3', 'load': '134.89 KiB', 'tokens': 16, 'owns': '29.8%', 'host_id': '2da49f5b-5819-4c8f-8d50-f05f63e986a5', 'rack': 'rack1'}]"
4000,"[{'status': 'UN', 'address': '127.0.0.2', 'load': '80.71 KiB', 'tokens': 16, 'owns': '24.0%', 'host_id': '18681966-978f-4d09-8cb5-f7c128932b5d', 'rack': 'rack1'}, {'status': 'UN', 'address': '127.0.0.1', 'load': '225.01 KiB', 'tokens': 16, 'owns': '27.1%', 'host_id': 'b07e2ec9-85d0-484e-b201-b9c9bc90ba55', 'rack': 'rack1'}, {'status': 'UN', 'address': '127.0.0.4', 'load': '134.94 KiB', 'tokens': 16, 'owns': '19.0%', 'host_id': '1c4557d8-e35b-4b36-ad01-3b34e62b0b46', 'rack': 'rack1'}, {'status': 'UN', 'address': '127.0.0.3', 'load': '134.89 KiB', 'tokens': 16, 'owns': '29.8%', 'host_id': '2da49f5b-5819-4c8f-8d50-f05f63e986a5', 'rack': 'rack1'}]"
4250,"[{'status': 'UN', 'address': '127.0.0.2', 'load': '80.71 KiB', 'tokens': 16, 'owns': '24.0%', 'host_id': '18681966-978f-4d09-8cb5-f7c128932b5d', 'rack': 'rack1'}, {'status': 'UN', 'address': '127.0.0.1', 'load': '200.15 KiB', 'tokens': 16, 'owns': '27.1%', 'host_id': 'b07e2ec9-85d0-484e-b201-b9c9bc90ba55', 'rack': 'rack1'}, {'status': 'UN', 'address': '127.0.0.4', 'load': '134.94 KiB', 'tokens': 16, 'owns': '19.0%', 'host_id': '1c4557d8-e35b-4b36-ad01-3b34e62b0b46', 'rack': 'rack1'}, {'status': 'UN', 'address': '127.0.0.3', 'load': '134.89 KiB', 'tokens': 16, 'owns': '29.8%', 'host_id': '2da49f5b-5819-4c8f-8d50-f05f63e986a5', 'rack': 'rack1'}]"
4500,"[{'status': 'UN', 'address': '127.0.0.2', 'load': '80.71 KiB', 'tokens': 16, 'owns': '24.0%', 'host_id': '18681966-978f-4d09-8cb5-f7c128932b5d', 'rack': 'rack1'}, {'status': 'UN', 'address': '127.0.0.1', 'load': '224.97 KiB', 'tokens': 16, 'owns': '27.1%', 'host_id': 'b07e2ec9-85d0-484e-b201-b9c9bc90ba55', 'rack': 'rack1'}, {'status': 'UN', 'address': '127.0.0.4', 'load': '134.94 KiB', 'tokens': 16, 'owns': '19.0%', 'host_id': '1c4557d8-e35b-4b36-ad01-3b34e62b0b46', 'rack': 'rack1'}, {'status': 'UN', 'address': '127.0.0.3', 'load': '134.89 KiB', 'tokens': 16, 'owns': '29.8%', 'host_id': '2da49f5b-5819-4c8f-8d50-f05f63e986a5', 'rack': 'rack1'}]"
4750,"[{'status': 'UN', 'address': '127.0.0.2', 'load': '80.71 KiB', 'tokens': 16, 'owns': '24.0%', 'host_id': '18681966-978f-4d09-8cb5-f7c128932b5d', 'rack': 'rack1'}, {'status': 'UN', 'address': '127.0.0.1', 'load': '218.06 KiB', 'tokens': 16, 'owns': '27.1%', 'host_id': 'b07e2ec9-85d0-484e-b201-b9c9bc90ba55', 'rack': 'rack1'}, {'status': 'UN', 'address': '127.0.0.4', 'load': '134.94 KiB', 'tokens': 16, 'owns': '19.0%', 'host_id': '1c4557d8-e35b-4b36-ad01-3b34e62b0b46', 'rack': 'rack1'}, {'status': 'UN', 'address': '127.0.0.3', 'load': '134.89 KiB', 'tokens': 16, 'owns': '29.8%', 'host_id': '2da49f5b-5819-4c8f-8d50-f05f63e986a5', 'rack': 'rack1'}]"
5000,"[{'status': 'UN', 'address': '127.0.0.2', 'load': '80.71 KiB', 'tokens': 16, 'owns': '24.0%', 'host_id': '18681966-978f-4d09-8cb5-f7c128932b5d', 'rack': 'rack1'}, {'status': 'UN', 'address': '127.0.0.1', 'load': '241.45 KiB', 'tokens': 16, 'owns': '27.1%', 'host_id': 'b07e2ec9-85d0-484e-b201-b9c9bc90ba55', 'rack': 'rack1'}, {'status': 'UN', 'address': '127.0.0.4', 'load': '134.94 KiB', 'tokens': 16, 'owns': '19.0%', 'host_id': '1c4557d8-e35b-4b36-ad01-3b34e62b0b46', 'rack': 'rack1'}, {'status': 'UN', 'address': '127.0.0.3', 'load': '134.89 KiB', 'tokens': 16, 'owns': '29.8%', 'host_id': '2da49f5b-5819-4c8f-8d50-f05f63e986a5', 'rack': 'rack1'}]"
5250,"[{'status': 'UN', 'address': '127.0.0.2', 'load': '80.71 KiB', 'tokens': 16, 'owns': '24.0%', 'host_id': '18681966-978f-4d09-8cb5-f7c128932b5d', 'rack': 'rack1'}, {'status': 'UN', 'address': '127.0.0.1', 'load': '248.78 KiB', 'tokens': 16, 'owns': '27.1%', 'host_id': 'b07e2ec9-85d0-484e-b201-b9c9bc90ba55', 'rack': 'rack1'}, {'status': 'UN', 'address': '127.0.0.4', 'load': '134.94 KiB', 'tokens': 16, 'owns': '19.0%', 'host_id': '1c4557d8-e35b-4b36-ad01-3b34e62b0b46', 'rack': 'rack1'}, {'status': 'UN', 'address': '127.0.0.3', 'load': '134.89 KiB', 'tokens': 16, 'owns': '29.8%', 'host_id': '2da49f5b-5819-4c8f-8d50-f05f63e986a5', 'rack': 'rack1'}]"
5500,"[{'status': 'UN', 'address': '127.0.0.2', 'load': '80.71 KiB', 'tokens': 16, 'owns': '24.0%', 'host_id': '18681966-978f-4d09-8cb5-f7c128932b5d', 'rack': 'rack1'}, {'status': 'UN', 'address': '127.0.0.1', 'load': '241.58 KiB', 'tokens': 16, 'owns': '27.1%', 'host_id': 'b07e2ec9-85d0-484e-b201-b9c9bc90ba55', 'rack': 'rack1'}, {'status': 'UN', 'address': '127.0.0.4', 'load': '134.94 KiB', 'tokens': 16, 'owns': '19.0%', 'host_id': '1c4557d8-e35b-4b36-ad01-3b34e62b0b46', 'rack': 'rack1'}, {'status': 'UN', 'address': '127.0.0.3', 'load': '134.89 KiB', 'tokens': 16, 'owns': '29.8%', 'host_id': '2da49f5b-5819-4c8f-8d50-f05f63e986a5', 'rack': 'rack1'}]"
5750,"[{'status': 'UN', 'address': '127.0.0.2', 'load': '80.71 KiB', 'tokens': 16, 'owns': '24.0%', 'host_id': '18681966-978f-4d09-8cb5-f7c128932b5d', 'rack': 'rack1'}, {'status': 'UN', 'address': '127.0.0.1', 'load': '216.2 KiB', 'tokens': 16, 'owns': '27.1%', 'host_id': 'b07e2ec9-85d0-484e-b201-b9c9bc90ba55', 'rack': 'rack1'}, {'status': 'UN', 'address': '127.0.0.4', 'load': '134.94 KiB', 'tokens': 16, 'owns': '19.0%', 'host_id': '1c4557d8-e35b-4b36-ad01-3b34e62b0b46', 'rack': 'rack1'}, {'status': 'UN', 'address': '127.0.0.3', 'load': '134.89 KiB', 'tokens': 16, 'owns': '29.8%', 'host_id': '2da49f5b-5819-4c8f-8d50-f05f63e986a5', 'rack': 'rack1'}]"
6000,"[{'status': 'UN', 'address': '127.0.0.2', 'load': '80.71 KiB', 'tokens': 16, 'owns': '24.0%', 'host_id': '18681966-978f-4d09-8cb5-f7c128932b5d', 'rack': 'rack1'}, {'status': 'UN', 'address': '127.0.0.1', 'load': '260.33 KiB', 'tokens': 16, 'owns': '27.1%', 'host_id': 'b07e2ec9-85d0-484e-b201-b9c9bc90ba55', 'rack': 'rack1'}, {'status': 'UN', 'address': '127.0.0.4', 'load': '134.94 KiB', 'tokens': 16, 'owns': '19.0%', 'host_id': '1c4557d8-e35b-4b36-ad01-3b34e62b0b46', 'rack': 'rack1'}, {'status': 'UN', 'address': '127.0.0.3', 'load': '134.89 KiB', 'tokens': 16, 'owns': '29.8%', 'host_id': '2da49f5b-5819-4c8f-8d50-f05f63e986a5', 'rack': 'rack1'}]"
6250,"[{'status': 'UN', 'address': '127.0.0.2', 'load': '80.71 KiB', 'tokens': 16, 'owns': '24.0%', 'host_id': '18681966-978f-4d09-8cb5-f7c128932b5d', 'rack': 'rack1'}, {'status': 'UN', 'address': '127.0.0.1', 'load': '253.01 KiB', 'tokens': 16, 'owns': '27.1%', 'host_id': 'b07e2ec9-85d0-484e-b201-b9c9bc90ba55', 'rack': 'rack1'}, {'status': 'UN', 'address': '127.0.0.4', 'load': '134.94 KiB', 'tokens': 16, 'owns': '19.0%', 'host_id': '1c4557d8-e35b-4b36-ad01-3b34e62b0b46', 'rack': 'rack1'}, {'status': 'UN', 'address': '127.0.0.3', 'load': '134.89 KiB', 'tokens': 16, 'owns': '29.8%', 'host_id': '2da49f5b-5819-4c8f-8d50-f05f63e986a5', 'rack': 'rack1'}]"
6500,"[{'status': 'UN', 'address': '127.0.0.2', 'load': '80.71 KiB', 'tokens': 16, 'owns': '24.0%', 'host_id': '18681966-978f-4d09-8cb5-f7c128932b5d', 'rack': 'rack1'}, {'status': 'UN', 'address': '127.0.0.1', 'load': '276.32 KiB', 'tokens': 16, 'owns': '27.1%', 'host_id': 'b07e2ec9-85d0-484e-b201-b9c9bc90ba55', 'rack': 'rack1'}, {'status': 'UN', 'address': '127.0.0.4', 'load': '134.94 KiB', 'tokens': 16, 'owns': '19.0%', 'host_id': '1c4557d8-e35b-4b36-ad01-3b34e62b0b46', 'rack': 'rack1'}, {'status': 'UN', 'address': '127.0.0.3', 'load': '134.89 KiB', 'tokens': 16, 'owns': '29.8%', 'host_id': '2da49f5b-5819-4c8f-8d50-f05f63e986a5', 'rack': 'rack1'}]"
6750,"[{'status': 'UN', 'address': '127.0.0.2', 'load': '80.71 KiB', 'tokens': 16, 'owns': '24.0%', 'host_id': '18681966-978f-4d09-8cb5-f7c128932b5d', 'rack': 'rack1'}, {'status': 'UN', 'address': '127.0.0.1', 'load': '284.01 KiB', 'tokens': 16, 'owns': '27.1%', 'host_id': 'b07e2ec9-85d0-484e-b201-b9c9bc90ba55', 'rack': 'rack1'}, {'status': 'UN', 'address': '127.0.0.4', 'load': '134.94 KiB', 'tokens': 16, 'owns': '19.0%', 'host_id': '1c4557d8-e35b-4b36-ad01-3b34e62b0b46', 'rack': 'rack1'}, {'status': 'UN', 'address': '127.0.0.3', 'load': '134.89 KiB', 'tokens': 16, 'owns': '29.8%', 'host_id': '2da49f5b-5819-4c8f-8d50-f05f63e986a5', 'rack': 'rack1'}]"
7000,"[{'status': 'UN', 'address': '127.0.0.2', 'load': '80.71 KiB', 'tokens': 16, 'owns': '24.0%', 'host_id': '18681966-978f-4d09-8cb5-f7c128932b5d', 'rack': 'rack1'}, {'status': 'UN', 'address': '127.0.0.1', 'load': '277.76 KiB', 'tokens': 16, 'owns': '27.1%', 'host_id': 'b07e2ec9-85d0-484e-b201-b9c9bc90ba55', 'rack': 'rack1'}, {'status': 'UN', 'address': '127.0.0.4', 'load': '134.94 KiB', 'tokens': 16, 'owns': '19.0%', 'host_id': '1c4557d8-e35b-4b36-ad01-3b34e62b0b46', 'rack': 'rack1'}, {'status': 'UN', 'address': '127.0.0.3', 'load': '134.89 KiB', 'tokens': 16, 'owns': '29.8%', 'host_id': '2da49f5b-5819-4c8f-8d50-f05f63e986a5', 'rack': 'rack1'}]"
7250,"[{'status': 'UN', 'address': '127.0.0.2', 'load': '80.71 KiB', 'tokens': 16, 'owns': '24.0%', 'host_id': '18681966-978f-4d09-8cb5-f7c128932b5d', 'rack': 'rack1'}, {'status': 'UN', 'address': '127.0.0.1', 'load': '252.42 KiB', 'tokens': 16, 'owns': '27.1%', 'host_id': 'b07e2ec9-85d0-484e-b201-b9c9bc90ba55', 'rack': 'rack1'}, {'status': 'UN', 'address': '127.0.0.4', 'load': '134.94 KiB', 'tokens': 16, 'owns': '19.0%', 'host_id': '1c4557d8-e35b-4b36-ad01-3b34e62b0b46', 'rack': 'rack1'}, {'status': 'UN', 'address': '127.0.0.3', 'load': '134.89 KiB', 'tokens': 16, 'owns': '29.8%', 'host_id': '2da49f5b-5819-4c8f-8d50-f05f63e986a5', 'rack': 'rack1'}]"
7500,"[{'status': 'UN', 'address': '127.0.0.2', 'load': '80.71 KiB', 'tokens': 16, 'owns': '24.0%', 'host_id': '18681966-978f-4d09-8cb5-f7c128932b5d', 'rack': 'rack1'}, {'status': 'UN', 'address': '127.0.0.1', 'load': '276.95 KiB', 'tokens': 16, 'owns': '27.1%', 'host_id': 'b07e2ec9-85d0-484e-b201-b9c9bc90ba55', 'rack': 'rack1'}, {'status': 'UN', 'address': '127.0.0.4', 'load': '134.94 KiB', 'tokens': 16, 'owns': '19.0%', 'host_id': '1c4557d8-e35b-4b36-ad01-3b34e62b0b46', 'rack': 'rack1'}, {'status': 'UN', 'address': '127.0.0.3', 'load': '134.89 KiB', 'tokens': 16, 'owns': '29.8%', 'host_id': '2da49f5b-5819-4c8f-8d50-f05f63e986a5', 'rack': 'rack1'}]"
7750,"[{'status': 'UN', 'address': '127.0.0.2', 'load': '80.71 KiB', 'tokens': 16, 'owns': '24.0%', 'host_id': '18681966-978f-4d09-8cb5-f7c128932b5d', 'rack': 'rack1'}, {'status': 'UN', 'address': '127.0.0.1', 'load': '270.62 KiB', 'tokens': 16, 'owns': '27.1%', 'host_id': 'b07e2ec9-85d0-484e-b201-b9c9bc90ba55', 'rack': 'rack1'}, {'status': 'UN', 'address': '127.0.0.4', 'load': '134.94 KiB', 'tokens': 16, 'owns': '19.0%', 'host_id': '1c4557d8-e35b-4b36-ad01-3b34e62b0b46', 'rack': 'rack1'}, {'status': 'UN', 'address': '127.0.0.3', 'load': '134.89 KiB', 'tokens': 16, 'owns': '29.8%', 'host_id': '2da49f5b-5819-4c8f-8d50-f05f63e986a5', 'rack': 'rack1'}]"
8000,"[{'status': 'UN', 'address': '127.0.0.2', 'load': '80.71 KiB', 'tokens': 16, 'owns': '24.0%', 'host_id': '18681966-978f-4d09-8cb5-f7c128932b5d', 'rack': 'rack1'}, {'status': 'UN', 'address': '127.0.0.1', 'load': '294.37 KiB', 'tokens': 16, 'owns': '27.1%', 'host_id': 'b07e2ec9-85d0-484e-b201-b9c9bc90ba55', 'rack': 'rack1'}, {'status': 'UN', 'address': '127.0.0.4', 'load': '134.94 KiB', 'tokens': 16, 'owns': '19.0%', 'host_id': '1c4557d8-e35b-4b36-ad01-3b34e62b0b46', 'rack': 'rack1'}, {'status': 'UN', 'address': '127.0.0.3', 'load': '134.89 KiB', 'tokens': 16, 'owns': '29.8%', 'host_id': '2da49f5b-5819-4c8f-8d50-f05f63e986a5', 'rack': 'rack1'}]"
8250,"[{'status': 'UN', 'address': '127.0.0.2', 'load': '80.71 KiB', 'tokens': 16, 'owns': '24.0%', 'host_id': '18681966-978f-4d09-8cb5-f7c128932b5d', 'rack': 'rack1'}, {'status': 'UN', 'address': '127.0.0.1', 'load': '301.62 KiB', 'tokens': 16, 'owns': '27.1%', 'host_id': 'b07e2ec9-85d0-484e-b201-b9c9bc90ba55', 'rack': 'rack1'}, {'status': 'UN', 'address': '127.0.0.4', 'load': '134.94 KiB', 'tokens': 16, 'owns': '19.0%', 'host_id': '1c4557d8-e35b-4b36-ad01-3b34e62b0b46', 'rack': 'rack1'}, {'status': 'UN', 'address': '127.0.0.3', 'load': '134.89 KiB', 'tokens': 16, 'owns': '29.8%', 'host_id': '2da49f5b-5819-4c8f-8d50-f05f63e986a5', 'rack': 'rack1'}]"
8500,"[{'status': 'UN', 'address': '127.0.0.2', 'load': '80.71 KiB', 'tokens': 16, 'owns': '24.0%', 'host_id': '18681966-978f-4d09-8cb5-f7c128932b5d', 'rack': 'rack1'}, {'status': 'UN', 'address': '127.0.0.1', 'load': '295.16 KiB', 'tokens': 16, 'owns': '27.1%', 'host_id': 'b07e2ec9-85d0-484e-b201-b9c9bc90ba55', 'rack': 'rack1'}, {'status': 'UN', 'address': '127.0.0.4', 'load': '134.94 KiB', 'tokens': 16, 'owns': '19.0%', 'host_id': '1c4557d8-e35b-4b36-ad01-3b34e62b0b46', 'rack': 'rack1'}, {'status': 'UN', 'address': '127.0.0.3', 'load': '134.89 KiB', 'tokens': 16, 'owns': '29.8%', 'host_id': '2da49f5b-5819-4c8f-8d50-f05f63e986a5', 'rack': 'rack1'}]"
8750,"[{'status': 'UN', 'address': '127.0.0.2', 'load': '80.71 KiB', 'tokens': 16, 'owns': '24.0%', 'host_id': '18681966-978f-4d09-8cb5-f7c128932b5d', 'rack': 'rack1'}, {'status': 'UN', 'address': '127.0.0.1', 'load': '270.01 KiB', 'tokens': 16, 'owns': '27.1%', 'host_id': 'b07e2ec9-85d0-484e-b201-b9c9bc90ba55', 'rack': 'rack1'}, {'status': 'UN', 'address': '127.0.0.4', 'load': '134.94 KiB', 'tokens': 16, 'owns': '19.0%', 'host_id': '1c4557d8-e35b-4b36-ad01-3b34e62b0b46', 'rack': 'rack1'}, {'status': 'UN', 'address': '127.0.0.3', 'load': '134.89 KiB', 'tokens': 16, 'owns': '29.8%', 'host_id': '2da49f5b-5819-4c8f-8d50-f05f63e986a5', 'rack': 'rack1'}]"
9000,"[{'status': 'UN', 'address': '127.0.0.2', 'load': '80.71 KiB', 'tokens': 16, 'owns': '24.0%', 'host_id': '18681966-978f-4d09-8cb5-f7c128932b5d', 'rack': 'rack1'}, {'status': 'UN', 'address': '127.0.0.1', 'load': '294.9 KiB', 'tokens': 16, 'owns': '27.1%', 'host_id': 'b07e2ec9-85d0-484e-b201-b9c9bc90ba55', 'rack': 'rack1'}, {'status': 'UN', 'address': '127.0.0.4', 'load': '134.94 KiB', 'tokens': 16, 'owns': '19.0%', 'host_id': '1c4557d8-e35b-4b36-ad01-3b34e62b0b46', 'rack': 'rack1'}, {'status': 'UN', 'address': '127.0.0.3', 'load': '134.89 KiB', 'tokens': 16, 'owns': '29.8%', 'host_id': '2da49f5b-5819-4c8f-8d50-f05f63e986a5', 'rack': 'rack1'}]"
9250,"[{'status': 'UN', 'address': '127.0.0.2', 'load': '80.71 KiB', 'tokens': 16, 'owns': '24.0%', 'host_id': '18681966-978f-4d09-8cb5-f7c128932b5d', 'rack': 'rack1'}, {'status': 'UN', 'address': '127.0.0.1', 'load': '288.44 KiB', 'tokens': 16, 'owns': '27.1%', 'host_id': 'b07e2ec9-85d0-484e-b201-b9c9bc90ba55', 'rack': 'rack1'}, {'status': 'UN', 'address': '127.0.0.4', 'load': '134.94 KiB', 'tokens': 16, 'owns': '19.0%', 'host_id': '1c4557d8-e35b-4b36-ad01-3b34e62b0b46', 'rack': 'rack1'}, {'status': 'UN', 'address': '127.0.0.3', 'load': '134.89 KiB', 'tokens': 16, 'owns': '29.8%', 'host_id': '2da49f5b-5819-4c8f-8d50-f05f63e986a5', 'rack': 'rack1'}]"
9500,"[{'status': 'UN', 'address': '127.0.0.2', 'load': '80.71 KiB', 'tokens': 16, 'owns': '24.0%', 'host_id': '18681966-978f-4d09-8cb5-f7c128932b5d', 'rack': 'rack1'}, {'status': 'UN', 'address': '127.0.0.1', 'load': '312.79 KiB', 'tokens': 16, 'owns': '27.1%', 'host_id': 'b07e2ec9-85d0-484e-b201-b9c9bc90ba55', 'rack': 'rack1'}, {'status': 'UN', 'address': '127.0.0.4', 'load': '134.94 KiB', 'tokens': 16, 'owns': '19.0%', 'host_id': '1c4557d8-e35b-4b36-ad01-3b34e62b0b46', 'rack': 'rack1'}, {'status': 'UN', 'address': '127.0.0.3', 'load': '134.89 KiB', 'tokens': 16, 'owns': '29.8%', 'host_id': '2da49f5b-5819-4c8f-8d50-f05f63e986a5', 'rack': 'rack1'}]"
9750,"[{'status': 'UN', 'address': '127.0.0.2', 'load': '80.71 KiB', 'tokens': 16, 'owns': '24.0%', 'host_id': '18681966-978f-4d09-8cb5-f7c128932b5d', 'rack': 'rack1'}, {'status': 'UN', 'address': '127.0.0.1', 'load': '320.49 KiB', 'tokens': 16, 'owns': '27.1%', 'host_id': 'b07e2ec9-85d0-484e-b201-b9c9bc90ba55', 'rack': 'rack1'}, {'status': 'UN', 'address': '127.0.0.4', 'load': '134.94 KiB', 'tokens': 16, 'owns': '19.0%', 'host_id': '1c4557d8-e35b-4b36-ad01-3b34e62b0b46', 'rack': 'rack1'}, {'status': 'UN', 'address': '127.0.0.3', 'load': '134.89 KiB', 'tokens': 16, 'owns': '29.8%', 'host_id': '2da49f5b-5819-4c8f-8d50-f05f63e986a5', 'rack': 'rack1'}]"
10000,"[{'status': 'UN', 'address': '127.0.0.2', 'load': '80.71 KiB', 'tokens': 16, 'owns': '24.0%', 'host_id': '18681966-978f-4d09-8cb5-f7c128932b5d', 'rack': 'rack1'}, {'status': 'UN', 'address': '127.0.0.1', 'load': '313.99 KiB', 'tokens': 16, 'owns': '27.1%', 'host_id': 'b07e2ec9-85d0-484e-b201-b9c9bc90ba55', 'rack': 'rack1'}, {'status': 'UN', 'address': '127.0.0.4', 'load': '134.94 KiB', 'tokens': 16, 'owns': '19.0%', 'host_id': '1c4557d8-e35b-4b36-ad01-3b34e62b0b46', 'rack': 'rack1'}, {'status': 'UN', 'address': '127.0.0.3', 'load': '134.89 KiB', 'tokens': 16, 'owns': '29.8%', 'host_id': '2da49f5b-5819-4c8f-8d50-f05f63e986a5', 'rack': 'rack1'}]"
10250,"[{'status': 'UN', 'address': '127.0.0.2', 'load': '80.71 KiB', 'tokens': 16, 'owns': '24.0%', 'host_id': '18681966-978f-4d09-8cb5-f7c128932b5d', 'rack': 'rack1'}, {'status': 'UN', 'address': '127.0.0.1', 'load': '290.08 KiB', 'tokens': 16, 'owns': '27.1%', 'host_id': 'b07e2ec9-85d0-484e-b201-b9c9bc90ba55', 'rack': 'rack1'}, {'status': 'UN', 'address': '127.0.0.4', 'load': '134.94 KiB', 'tokens': 16, 'owns': '19.0%', 'host_id': '1c4557d8-e35b-4b36-ad01-3b34e62b0b46', 'rack': 'rack1'}, {'status': 'UN', 'address': '127.0.0.3', 'load': '134.89 KiB', 'tokens': 16, 'owns': '29.8%', 'host_id': '2da49f5b-5819-4c8f-8d50-f05f63e986a5', 'rack': 'rack1'}]"
10500,"[{'status': 'UN', 'address': '127.0.0.2', 'load': '80.71 KiB', 'tokens': 16, 'owns': '24.0%', 'host_id': '18681966-978f-4d09-8cb5-f7c128932b5d', 'rack': 'rack1'}, {'status': 'UN', 'address': '127.0.0.1', 'load': '315.59 KiB', 'tokens': 16, 'owns': '27.1%', 'host_id': 'b07e2ec9-85d0-484e-b201-b9c9bc90ba55', 'rack': 'rack1'}, {'status': 'UN', 'address': '127.0.0.4', 'load': '134.94 KiB', 'tokens': 16, 'owns': '19.0%', 'host_id': '1c4557d8-e35b-4b36-ad01-3b34e62b0b46', 'rack': 'rack1'}, {'status': 'UN', 'address': '127.0.0.3', 'load': '134.89 KiB', 'tokens': 16, 'owns': '29.8%', 'host_id': '2da49f5b-5819-4c8f-8d50-f05f63e986a5', 'rack': 'rack1'}]"
10750,"[{'status': 'UN', 'address': '127.0.0.2', 'load': '80.71 KiB', 'tokens': 16, 'owns': '24.0%', 'host_id': '18681966-978f-4d09-8cb5-f7c128932b5d', 'rack': 'rack1'}, {'status': 'UN', 'address': '127.0.0.1', 'load': '309.26 KiB', 'tokens': 16, 'owns': '27.1%', 'host_id': 'b07e2ec9-85d0-484e-b201-b9c9bc90ba55', 'rack': 'rack1'}, {'status': 'UN', 'address': '127.0.0.4', 'load': '134.94 KiB', 'tokens': 16, 'owns': '19.0%', 'host_id': '1c4557d8-e35b-4b36-ad01-3b34e62b0b46', 'rack': 'rack1'}, {'status': 'UN', 'address': '127.0.0.3', 'load': '134.89 KiB', 'tokens': 16, 'owns': '29.8%', 'host_id': '2da49f5b-5819-4c8f-8d50-f05f63e986a5', 'rack': 'rack1'}]"
11000,"[{'status': 'UN', 'address': '127.0.0.2', 'load': '80.71 KiB', 'tokens': 16, 'owns': '24.0%', 'host_id': '18681966-978f-4d09-8cb5-f7c128932b5d', 'rack': 'rack1'}, {'status': 'UN', 'address': '127.0.0.1', 'load': '333.61 KiB', 'tokens': 16, 'owns': '27.1%', 'host_id': 'b07e2ec9-85d0-484e-b201-b9c9bc90ba55', 'rack': 'rack1'}, {'status': 'UN', 'address': '127.0.0.4', 'load': '134.94 KiB', 'tokens': 16, 'owns': '19.0%', 'host_id': '1c4557d8-e35b-4b36-ad01-3b34e62b0b46', 'rack': 'rack1'}, {'status': 'UN', 'address': '127.0.0.3', 'load': '134.89 KiB', 'tokens': 16, 'owns': '29.8%', 'host_id': '2da49f5b-5819-4c8f-8d50-f05f63e986a5', 'rack': 'rack1'}]"
11250,"[{'status': 'UN', 'address': '127.0.0.2', 'load': '80.71 KiB', 'tokens': 16, 'owns': '24.0%', 'host_id': '18681966-978f-4d09-8cb5-f7c128932b5d', 'rack': 'rack1'}, {'status': 'UN', 'address': '127.0.0.1', 'load': '341.03 KiB', 'tokens': 16, 'owns': '27.1%', 'host_id': 'b07e2ec9-85d0-484e-b201-b9c9bc90ba55', 'rack': 'rack1'}, {'status': 'UN', 'address': '127.0.0.4', 'load': '134.94 KiB', 'tokens': 16, 'owns': '19.0%', 'host_id': '1c4557d8-e35b-4b36-ad01-3b34e62b0b46', 'rack': 'rack1'}, {'status': 'UN', 'address': '127.0.0.3', 'load': '134.89 KiB', 'tokens': 16, 'owns': '29.8%', 'host_id': '2da49f5b-5819-4c8f-8d50-f05f63e986a5', 'rack': 'rack1'}]"
11500,"[{'status': 'UN', 'address': '127.0.0.2', 'load': '80.71 KiB', 'tokens': 16, 'owns': '24.0%', 'host_id': '18681966-978f-4d09-8cb5-f7c128932b5d', 'rack': 'rack1'}, {'status': 'UN', 'address': '127.0.0.1', 'load': '334.24 KiB', 'tokens': 16, 'owns': '27.1%', 'host_id': 'b07e2ec9-85d0-484e-b201-b9c9bc90ba55', 'rack': 'rack1'}, {'status': 'UN', 'address': '127.0.0.4', 'load': '134.94 KiB', 'tokens': 16, 'owns': '19.0%', 'host_id': '1c4557d8-e35b-4b36-ad01-3b34e62b0b46', 'rack': 'rack1'}, {'status': 'UN', 'address': '127.0.0.3', 'load': '134.89 KiB', 'tokens': 16, 'owns': '29.8%', 'host_id': '2da49f5b-5819-4c8f-8d50-f05f63e986a5', 'rack': 'rack1'}]"
11750,"[{'status': 'UN', 'address': '127.0.0.2', 'load': '80.71 KiB', 'tokens': 16, 'owns': '24.0%', 'host_id': '18681966-978f-4d09-8cb5-f7c128932b5d', 'rack': 'rack1'}, {'status': 'UN', 'address': '127.0.0.1', 'load': '309.95 KiB', 'tokens': 16, 'owns': '27.1%', 'host_id': 'b07e2ec9-85d0-484e-b201-b9c9bc90ba55', 'rack': 'rack1'}, {'status': 'UN', 'address': '127.0.0.4', 'load': '134.94 KiB', 'tokens': 16, 'owns': '19.0%', 'host_id': '1c4557d8-e35b-4b36-ad01-3b34e62b0b46', 'rack': 'rack1'}, {'status': 'UN', 'address': '127.0.0.3', 'load': '134.89 KiB', 'tokens': 16, 'owns': '29.8%', 'host_id': '2da49f5b-5819-4c8f-8d50-f05f63e986a5', 'rack': 'rack1'}]"
12000,"[{'status': 'UN', 'address': '127.0.0.2', 'load': '80.71 KiB', 'tokens': 16, 'owns': '24.0%', 'host_id': '18681966-978f-4d09-8cb5-f7c128932b5d', 'rack': 'rack1'}, {'status': 'UN', 'address': '127.0.0.1', 'load': '334.34 KiB', 'tokens': 16, 'owns': '27.1%', 'host_id': 'b07e2ec9-85d0-484e-b201-b9c9bc90ba55', 'rack': 'rack1'}, {'status': 'UN', 'address': '127.0.0.4', 'load': '134.94 KiB', 'tokens': 16, 'owns': '19.0%', 'host_id': '1c4557d8-e35b-4b36-ad01-3b34e62b0b46', 'rack': 'rack1'}, {'status': 'UN', 'address': '127.0.0.3', 'load': '134.89 KiB', 'tokens': 16, 'owns': '29.8%', 'host_id': '2da49f5b-5819-4c8f-8d50-f05f63e986a5', 'rack': 'rack1'}]"
12250,"[{'status': 'UN', 'address': '127.0.0.2', 'load': '80.71 KiB', 'tokens': 16, 'owns': '24.0%', 'host_id': '18681966-978f-4d09-8cb5-f7c128932b5d', 'rack': 'rack1'}, {'status': 'UN', 'address': '127.0.0.1', 'load': '326.5 KiB', 'tokens': 16, 'owns': '27.1%', 'host_id': 'b07e2ec9-85d0-484e-b201-b9c9bc90ba55', 'rack': 'rack1'}, {'status': 'UN', 'address': '127.0.0.4', 'load': '134.94 KiB', 'tokens': 16, 'owns': '19.0%', 'host_id': '1c4557d8-e35b-4b36-ad01-3b34e62b0b46', 'rack': 'rack1'}, {'status': 'UN', 'address': '127.0.0.3', 'load': '134.89 KiB', 'tokens': 16, 'owns': '29.8%', 'host_id': '2da49f5b-5819-4c8f-8d50-f05f63e986a5', 'rack': 'rack1'}]"
12500,"[{'status': 'UN', 'address': '127.0.0.2', 'load': '80.71 KiB', 'tokens': 16, 'owns': '24.0%', 'host_id': '18681966-978f-4d09-8cb5-f7c128932b5d', 'rack': 'rack1'}, {'status': 'UN', 'address': '127.0.0.1', 'load': '349.72 KiB', 'tokens': 16, 'owns': '27.1%', 'host_id': 'b07e2ec9-85d0-484e-b201-b9c9bc90ba55', 'rack': 'rack1'}, {'status': 'UN', 'address': '127.0.0.4', 'load': '134.94 KiB', 'tokens': 16, 'owns': '19.0%', 'host_id': '1c4557d8-e35b-4b36-ad01-3b34e62b0b46', 'rack': 'rack1'}, {'status': 'UN', 'address': '127.0.0.3', 'load': '134.89 KiB', 'tokens': 16, 'owns': '29.8%', 'host_id': '2da49f5b-5819-4c8f-8d50-f05f63e986a5', 'rack': 'rack1'}]"
12750,"[{'status': 'UN', 'address': '127.0.0.2', 'load': '80.71 KiB', 'tokens': 16, 'owns': '24.0%', 'host_id': '18681966-978f-4d09-8cb5-f7c128932b5d', 'rack': 'rack1'}, {'status': 'UN', 'address': '127.0.0.1', 'load': '358.18 KiB', 'tokens': 16, 'owns': '27.1%', 'host_id': 'b07e2ec9-85d0-484e-b201-b9c9bc90ba55', 'rack': 'rack1'}, {'status': 'UN', 'address': '127.0.0.4', 'load': '134.94 KiB', 'tokens': 16, 'owns': '19.0%', 'host_id': '1c4557d8-e35b-4b36-ad01-3b34e62b0b46', 'rack': 'rack1'}, {'status': 'UN', 'address': '127.0.0.3', 'load': '134.89 KiB', 'tokens': 16, 'owns': '29.8%', 'host_id': '2da49f5b-5819-4c8f-8d50-f05f63e986a5', 'rack': 'rack1'}]"
13000,"[{'status': 'UN', 'address': '127.0.0.2', 'load': '80.71 KiB', 'tokens': 16, 'owns': '24.0%', 'host_id': '18681966-978f-4d09-8cb5-f7c128932b5d', 'rack': 'rack1'}, {'status': 'UN', 'address': '127.0.0.1', 'load': '351.66 KiB', 'tokens': 16, 'owns': '27.1%', 'host_id': 'b07e2ec9-85d0-484e-b201-b9c9bc90ba55', 'rack': 'rack1'}, {'status': 'UN', 'address': '127.0.0.4', 'load': '134.94 KiB', 'tokens': 16, 'owns': '19.0%', 'host_id': '1c4557d8-e35b-4b36-ad01-3b34e62b0b46', 'rack': 'rack1'}, {'status': 'UN', 'address': '127.0.0.3', 'load': '134.89 KiB', 'tokens': 16, 'owns': '29.8%', 'host_id': '2da49f5b-5819-4c8f-8d50-f05f63e986a5', 'rack': 'rack1'}]"
13250,"[{'status': 'UN', 'address': '127.0.0.2', 'load': '80.71 KiB', 'tokens': 16, 'owns': '24.0%', 'host_id': '18681966-978f-4d09-8cb5-f7c128932b5d', 'rack': 'rack1'}, {'status': 'UN', 'address': '127.0.0.1', 'load': '326.48 KiB', 'tokens': 16, 'owns': '27.1%', 'host_id': 'b07e2ec9-85d0-484e-b201-b9c9bc90ba55', 'rack': 'rack1'}, {'status': 'UN', 'address': '127.0.0.4', 'load': '134.94 KiB', 'tokens': 16, 'owns': '19.0%', 'host_id': '1c4557d8-e35b-4b36-ad01-3b34e62b0b46', 'rack': 'rack1'}, {'status': 'UN', 'address': '127.0.0.3', 'load': '134.89 KiB', 'tokens': 16, 'owns': '29.8%', 'host_id': '2da49f5b-5819-4c8f-8d50-f05f63e986a5', 'rack': 'rack1'}]"
13500,"[{'status': 'UN', 'address': '127.0.0.2', 'load': '80.71 KiB', 'tokens': 16, 'owns': '24.0%', 'host_id': '18681966-978f-4d09-8cb5-f7c128932b5d', 'rack': 'rack1'}, {'status': 'UN', 'address': '127.0.0.1', 'load': '352.35 KiB', 'tokens': 16, 'owns': '27.1%', 'host_id': 'b07e2ec9-85d0-484e-b201-b9c9bc90ba55', 'rack': 'rack1'}, {'status': 'UN', 'address': '127.0.0.4', 'load': '134.94 KiB', 'tokens': 16, 'owns': '19.0%', 'host_id': '1c4557d8-e35b-4b36-ad01-3b34e62b0b46', 'rack': 'rack1'}, {'status': 'UN', 'address': '127.0.0.3', 'load': '134.89 KiB', 'tokens': 16, 'owns': '29.8%', 'host_id': '2da49f5b-5819-4c8f-8d50-f05f63e986a5', 'rack': 'rack1'}]"
13750,"[{'status': 'UN', 'address': '127.0.0.2', 'load': '80.71 KiB', 'tokens': 16, 'owns': '24.0%', 'host_id': '18681966-978f-4d09-8cb5-f7c128932b5d', 'rack': 'rack1'}, {'status': 'UN', 'address': '127.0.0.1', 'load': '345.5 KiB', 'tokens': 16, 'owns': '27.1%', 'host_id': 'b07e2ec9-85d0-484e-b201-b9c9bc90ba55', 'rack': 'rack1'}, {'status': 'UN', 'address': '127.0.0.4', 'load': '134.94 KiB', 'tokens': 16, 'owns': '19.0%', 'host_id': '1c4557d8-e35b-4b36-ad01-3b34e62b0b46', 'rack': 'rack1'}, {'status': 'UN', 'address': '127.0.0.3', 'load': '134.89 KiB', 'tokens': 16, 'owns': '29.8%', 'host_id': '2da49f5b-5819-4c8f-8d50-f05f63e986a5', 'rack': 'rack1'}]"
14000,"[{'status': 'UN', 'address': '127.0.0.2', 'load': '80.71 KiB', 'tokens': 16, 'owns': '24.0%', 'host_id': '18681966-978f-4d09-8cb5-f7c128932b5d', 'rack': 'rack1'}, {'status': 'UN', 'address': '127.0.0.1', 'load': '368.72 KiB', 'tokens': 16, 'owns': '27.1%', 'host_id': 'b07e2ec9-85d0-484e-b201-b9c9bc90ba55', 'rack': 'rack1'}, {'status': 'UN', 'address': '127.0.0.4', 'load': '134.94 KiB', 'tokens': 16, 'owns': '19.0%', 'host_id': '1c4557d8-e35b-4b36-ad01-3b34e62b0b46', 'rack': 'rack1'}, {'status': 'UN', 'address': '127.0.0.3', 'load': '134.89 KiB', 'tokens': 16, 'owns': '29.8%', 'host_id': '2da49f5b-5819-4c8f-8d50-f05f63e986a5', 'rack': 'rack1'}]"
14250,"[{'status': 'UN', 'address': '127.0.0.2', 'load': '80.71 KiB', 'tokens': 16, 'owns': '24.0%', 'host_id': '18681966-978f-4d09-8cb5-f7c128932b5d', 'rack': 'rack1'}, {'status': 'UN', 'address': '127.0.0.1', 'load': '354.28 KiB', 'tokens': 16, 'owns': '27.1%', 'host_id': 'b07e2ec9-85d0-484e-b201-b9c9bc90ba55', 'rack': 'rack1'}, {'status': 'UN', 'address': '127.0.0.4', 'load': '134.94 KiB', 'tokens': 16, 'owns': '19.0%', 'host_id': '1c4557d8-e35b-4b36-ad01-3b34e62b0b46', 'rack': 'rack1'}, {'status': 'UN', 'address': '127.0.0.3', 'load': '134.89 KiB', 'tokens': 16, 'owns': '29.8%', 'host_id': '2da49f5b-5819-4c8f-8d50-f05f63e986a5', 'rack': 'rack1'}]"
14500,"[{'status': 'UN', 'address': '127.0.0.2', 'load': '80.71 KiB', 'tokens': 16, 'owns': '24.0%', 'host_id': '18681966-978f-4d09-8cb5-f7c128932b5d', 'rack': 'rack1'}, {'status': 'UN', 'address': '127.0.0.1', 'load': '347.58 KiB', 'tokens': 16, 'owns': '27.1%', 'host_id': 'b07e2ec9-85d0-484e-b201-b9c9bc90ba55', 'rack': 'rack1'}, {'status': 'UN', 'address': '127.0.0.4', 'load': '134.94 KiB', 'tokens': 16, 'owns': '19.0%', 'host_id': '1c4557d8-e35b-4b36-ad01-3b34e62b0b46', 'rack': 'rack1'}, {'status': 'UN', 'address': '127.0.0.3', 'load': '134.89 KiB', 'tokens': 16, 'owns': '29.8%', 'host_id': '2da49f5b-5819-4c8f-8d50-f05f63e986a5', 'rack': 'rack1'}]"
14750,"[{'status': 'UN', 'address': '127.0.0.2', 'load': '80.71 KiB', 'tokens': 16, 'owns': '24.0%', 'host_id': '18681966-978f-4d09-8cb5-f7c128932b5d', 'rack': 'rack1'}, {'status': 'UN', 'address': '127.0.0.1', 'load': '371.74 KiB', 'tokens': 16, 'owns': '27.1%', 'host_id': 'b07e2ec9-85d0-484e-b201-b9c9bc90ba55', 'rack': 'rack1'}, {'status': 'UN', 'address': '127.0.0.4', 'load': '134.94 KiB', 'tokens': 16, 'owns': '19.0%', 'host_id': '1c4557d8-e35b-4b36-ad01-3b34e62b0b46', 'rack': 'rack1'}, {'status': 'UN', 'address': '127.0.0.3', 'load': '134.89 KiB', 'tokens': 16, 'owns': '29.8%', 'host_id': '2da49f5b-5819-4c8f-8d50-f05f63e986a5', 'rack': 'rack1'}]"
15000,"[{'status': 'UN', 'address': '127.0.0.2', 'load': '80.71 KiB', 'tokens': 16, 'owns': '24.0%', 'host_id': '18681966-978f-4d09-8cb5-f7c128932b5d', 'rack': 'rack1'}, {'status': 'UN', 'address': '127.0.0.1', 'load': '379.24 KiB', 'tokens': 16, 'owns': '27.1%', 'host_id': 'b07e2ec9-85d0-484e-b201-b9c9bc90ba55', 'rack': 'rack1'}, {'status': 'UN', 'address': '127.0.0.4', 'load': '134.94 KiB', 'tokens': 16, 'owns': '19.0%', 'host_id': '1c4557d8-e35b-4b36-ad01-3b34e62b0b46', 'rack': 'rack1'}, {'status': 'UN', 'address': '127.0.0.3', 'load': '134.89 KiB', 'tokens': 16, 'owns': '29.8%', 'host_id': '2da49f5b-5819-4c8f-8d50-f05f63e986a5', 'rack': 'rack1'}]"
15250,"[{'status': 'UN', 'address': '127.0.0.2', 'load': '80.71 KiB', 'tokens': 16, 'owns': '24.0%', 'host_id': '18681966-978f-4d09-8cb5-f7c128932b5d', 'rack': 'rack1'}, {'status': 'UN', 'address': '127.0.0.1', 'load': '373.23 KiB', 'tokens': 16, 'owns': '27.1%', 'host_id': 'b07e2ec9-85d0-484e-b201-b9c9bc90ba55', 'rack': 'rack1'}, {'status': 'UN', 'address': '127.0.0.4', 'load': '134.94 KiB', 'tokens': 16, 'owns': '19.0%', 'host_id': '1c4557d8-e35b-4b36-ad01-3b34e62b0b46', 'rack': 'rack1'}, {'status': 'UN', 'address': '127.0.0.3', 'load': '134.89 KiB', 'tokens': 16, 'owns': '29.8%', 'host_id': '2da49f5b-5819-4c8f-8d50-f05f63e986a5', 'rack': 'rack1'}]"
15500,"[{'status': 'UN', 'address': '127.0.0.2', 'load': '80.71 KiB', 'tokens': 16, 'owns': '24.0%', 'host_id': '18681966-978f-4d09-8cb5-f7c128932b5d', 'rack': 'rack1'}, {'status': 'UN', 'address': '127.0.0.1', 'load': '363.75 KiB', 'tokens': 16, 'owns': '27.1%', 'host_id': 'b07e2ec9-85d0-484e-b201-b9c9bc90ba55', 'rack': 'rack1'}, {'status': 'UN', 'address': '127.0.0.4', 'load': '134.94 KiB', 'tokens': 16, 'owns': '19.0%', 'host_id': '1c4557d8-e35b-4b36-ad01-3b34e62b0b46', 'rack': 'rack1'}, {'status': 'UN', 'address': '127.0.0.3', 'load': '134.89 KiB', 'tokens': 16, 'owns': '29.8%', 'host_id': '2da49f5b-5819-4c8f-8d50-f05f63e986a5', 'rack': 'rack1'}]"
15750,"[{'status': 'UN', 'address': '127.0.0.2', 'load': '80.71 KiB', 'tokens': 16, 'owns': '24.0%', 'host_id': '18681966-978f-4d09-8cb5-f7c128932b5d', 'rack': 'rack1'}, {'status': 'UN', 'address': '127.0.0.1', 'load': '372.38 KiB', 'tokens': 16, 'owns': '27.1%', 'host_id': 'b07e2ec9-85d0-484e-b201-b9c9bc90ba55', 'rack': 'rack1'}, {'status': 'UN', 'address': '127.0.0.4', 'load': '134.94 KiB', 'tokens': 16, 'owns': '19.0%', 'host_id': '1c4557d8-e35b-4b36-ad01-3b34e62b0b46', 'rack': 'rack1'}, {'status': 'UN', 'address': '127.0.0.3', 'load': '134.89 KiB', 'tokens': 16, 'owns': '29.8%', 'host_id': '2da49f5b-5819-4c8f-8d50-f05f63e986a5', 'rack': 'rack1'}]"
16000,"[{'status': 'UN', 'address': '127.0.0.2', 'load': '80.71 KiB', 'tokens': 16, 'owns': '24.0%', 'host_id': '18681966-978f-4d09-8cb5-f7c128932b5d', 'rack': 'rack1'}, {'status': 'UN', 'address': '127.0.0.1', 'load': '375.83 KiB', 'tokens': 16, 'owns': '27.1%', 'host_id': 'b07e2ec9-85d0-484e-b201-b9c9bc90ba55', 'rack': 'rack1'}, {'status': 'UN', 'address': '127.0.0.4', 'load': '134.94 KiB', 'tokens': 16, 'owns': '19.0%', 'host_id': '1c4557d8-e35b-4b36-ad01-3b34e62b0b46', 'rack': 'rack1'}, {'status': 'UN', 'address': '127.0.0.3', 'load': '134.89 KiB', 'tokens': 16, 'owns': '29.8%', 'host_id': '2da49f5b-5819-4c8f-8d50-f05f63e986a5', 'rack': 'rack1'}]"
16250,"[{'status': 'UN', 'address': '127.0.0.2', 'load': '80.71 KiB', 'tokens': 16, 'owns': '24.0%', 'host_id': '18681966-978f-4d09-8cb5-f7c128932b5d', 'rack': 'rack1'}, {'status': 'UN', 'address': '127.0.0.1', 'load': '367.75 KiB', 'tokens': 16, 'owns': '27.1%', 'host_id': 'b07e2ec9-85d0-484e-b201-b9c9bc90ba55', 'rack': 'rack1'}, {'status': 'UN', 'address': '127.0.0.4', 'load': '134.94 KiB', 'tokens': 16, 'owns': '19.0%', 'host_id': '1c4557d8-e35b-4b36-ad01-3b34e62b0b46', 'rack': 'rack1'}, {'status': 'UN', 'address': '127.0.0.3', 'load': '134.89 KiB', 'tokens': 16, 'owns': '29.8%', 'host_id': '2da49f5b-5819-4c8f-8d50-f05f63e986a5', 'rack': 'rack1'}]"
16500,"[{'status': 'UN', 'address': '127.0.0.2', 'load': '80.71 KiB', 'tokens': 16, 'owns': '24.0%', 'host_id': '18681966-978f-4d09-8cb5-f7c128932b5d', 'rack': 'rack1'}, {'status': 'UN', 'address': '127.0.0.1', 'load': '391.73 KiB', 'tokens': 16, 'owns': '27.1%', 'host_id': 'b07e2ec9-85d0-484e-b201-b9c9bc90ba55', 'rack': 'rack1'}, {'status': 'UN', 'address': '127.0.0.4', 'load': '134.94 KiB', 'tokens': 16, 'owns': '19.0%', 'host_id': '1c4557d8-e35b-4b36-ad01-3b34e62b0b46', 'rack': 'rack1'}, {'status': 'UN', 'address': '127.0.0.3', 'load': '134.89 KiB', 'tokens': 16, 'owns': '29.8%', 'host_id': '2da49f5b-5819-4c8f-8d50-f05f63e986a5', 'rack': 'rack1'}]"
16750,"[{'status': 'UN', 'address': '127.0.0.2', 'load': '80.71 KiB', 'tokens': 16, 'owns': '24.0%', 'host_id': '18681966-978f-4d09-8cb5-f7c128932b5d', 'rack': 'rack1'}, {'status': 'UN', 'address': '127.0.0.1', 'load': '384.48 KiB', 'tokens': 16, 'owns': '27.1%', 'host_id': 'b07e2ec9-85d0-484e-b201-b9c9bc90ba55', 'rack': 'rack1'}, {'status': 'UN', 'address': '127.0.0.4', 'load': '134.94 KiB', 'tokens': 16, 'owns': '19.0%', 'host_id': '1c4557d8-e35b-4b36-ad01-3b34e62b0b46', 'rack': 'rack1'}, {'status': 'UN', 'address': '127.0.0.3', 'load': '134.89 KiB', 'tokens': 16, 'owns': '29.8%', 'host_id': '2da49f5b-5819-4c8f-8d50-f05f63e986a5', 'rack': 'rack1'}]"
17000,"[{'status': 'UN', 'address': '127.0.0.2', 'load': '80.71 KiB', 'tokens': 16, 'owns': '24.0%', 'host_id': '18681966-978f-4d09-8cb5-f7c128932b5d', 'rack': 'rack1'}, {'status': 'UN', 'address': '127.0.0.1', 'load': '392.79 KiB', 'tokens': 16, 'owns': '27.1%', 'host_id': 'b07e2ec9-85d0-484e-b201-b9c9bc90ba55', 'rack': 'rack1'}, {'status': 'UN', 'address': '127.0.0.4', 'load': '134.94 KiB', 'tokens': 16, 'owns': '19.0%', 'host_id': '1c4557d8-e35b-4b36-ad01-3b34e62b0b46', 'rack': 'rack1'}, {'status': 'UN', 'address': '127.0.0.3', 'load': '134.89 KiB', 'tokens': 16, 'owns': '29.8%', 'host_id': '2da49f5b-5819-4c8f-8d50-f05f63e986a5', 'rack': 'rack1'}]"
17250,"[{'status': 'UN', 'address': '127.0.0.2', 'load': '80.71 KiB', 'tokens': 16, 'owns': '24.0%', 'host_id': '18681966-978f-4d09-8cb5-f7c128932b5d', 'rack': 'rack1'}, {'status': 'UN', 'address': '127.0.0.1', 'load': '378.54 KiB', 'tokens': 16, 'owns': '27.1%', 'host_id': 'b07e2ec9-85d0-484e-b201-b9c9bc90ba55', 'rack': 'rack1'}, {'status': 'UN', 'address': '127.0.0.4', 'load': '134.94 KiB', 'tokens': 16, 'owns': '19.0%', 'host_id': '1c4557d8-e35b-4b36-ad01-3b34e62b0b46', 'rack': 'rack1'}, {'status': 'UN', 'address': '127.0.0.3', 'load': '134.89 KiB', 'tokens': 16, 'owns': '29.8%', 'host_id': '2da49f5b-5819-4c8f-8d50-f05f63e986a5', 'rack': 'rack1'}]"
17500,"[{'status': 'UN', 'address': '127.0.0.2', 'load': '80.71 KiB', 'tokens': 16, 'owns': '24.0%', 'host_id': '18681966-978f-4d09-8cb5-f7c128932b5d', 'rack': 'rack1'}, {'status': 'UN', 'address': '127.0.0.1', 'load': '388.55 KiB', 'tokens': 16, 'owns': '27.1%', 'host_id': 'b07e2ec9-85d0-484e-b201-b9c9bc90ba55', 'rack': 'rack1'}, {'status': 'UN', 'address': '127.0.0.4', 'load': '134.94 KiB', 'tokens': 16, 'owns': '19.0%', 'host_id': '1c4557d8-e35b-4b36-ad01-3b34e62b0b46', 'rack': 'rack1'}, {'status': 'UN', 'address': '127.0.0.3', 'load': '134.89 KiB', 'tokens': 16, 'owns': '29.8%', 'host_id': '2da49f5b-5819-4c8f-8d50-f05f63e986a5', 'rack': 'rack1'}]"
17750,"[{'status': 'UN', 'address': '127.0.0.2', 'load': '80.71 KiB', 'tokens': 16, 'owns': '24.0%', 'host_id': '18681966-978f-4d09-8cb5-f7c128932b5d', 'rack': 'rack1'}, {'status': 'UN', 'address': '127.0.0.1', 'load': '412.82 KiB', 'tokens': 16, 'owns': '27.1%', 'host_id': 'b07e2ec9-85d0-484e-b201-b9c9bc90ba55', 'rack': 'rack1'}, {'status': 'UN', 'address': '127.0.0.4', 'load': '134.94 KiB', 'tokens': 16, 'owns': '19.0%', 'host_id': '1c4557d8-e35b-4b36-ad01-3b34e62b0b46', 'rack': 'rack1'}, {'status': 'UN', 'address': '127.0.0.3', 'load': '134.89 KiB', 'tokens': 16, 'owns': '29.8%', 'host_id': '2da49f5b-5819-4c8f-8d50-f05f63e986a5', 'rack': 'rack1'}]"
18000,"[{'status': 'UN', 'address': '127.0.0.2', 'load': '80.71 KiB', 'tokens': 16, 'owns': '24.0%', 'host_id': '18681966-978f-4d09-8cb5-f7c128932b5d', 'rack': 'rack1'}, {'status': 'UN', 'address': '127.0.0.1', 'load': '419.82 KiB', 'tokens': 16, 'owns': '27.1%', 'host_id': 'b07e2ec9-85d0-484e-b201-b9c9bc90ba55', 'rack': 'rack1'}, {'status': 'UN', 'address': '127.0.0.4', 'load': '134.94 KiB', 'tokens': 16, 'owns': '19.0%', 'host_id': '1c4557d8-e35b-4b36-ad01-3b34e62b0b46', 'rack': 'rack1'}, {'status': 'UN', 'address': '127.0.0.3', 'load': '134.89 KiB', 'tokens': 16, 'owns': '29.8%', 'host_id': '2da49f5b-5819-4c8f-8d50-f05f63e986a5', 'rack': 'rack1'}]"
18250,"[{'status': 'UN', 'address': '127.0.0.2', 'load': '80.71 KiB', 'tokens': 16, 'owns': '24.0%', 'host_id': '18681966-978f-4d09-8cb5-f7c128932b5d', 'rack': 'rack1'}, {'status': 'UN', 'address': '127.0.0.1', 'load': '413.82 KiB', 'tokens': 16, 'owns': '27.1%', 'host_id': 'b07e2ec9-85d0-484e-b201-b9c9bc90ba55', 'rack': 'rack1'}, {'status': 'UN', 'address': '127.0.0.4', 'load': '134.94 KiB', 'tokens': 16, 'owns': '19.0%', 'host_id': '1c4557d8-e35b-4b36-ad01-3b34e62b0b46', 'rack': 'rack1'}, {'status': 'UN', 'address': '127.0.0.3', 'load': '134.89 KiB', 'tokens': 16, 'owns': '29.8%', 'host_id': '2da49f5b-5819-4c8f-8d50-f05f63e986a5', 'rack': 'rack1'}]"
18500,"[{'status': 'UN', 'address': '127.0.0.2', 'load': '80.71 KiB', 'tokens': 16, 'owns': '24.0%', 'host_id': '18681966-978f-4d09-8cb5-f7c128932b5d', 'rack': 'rack1'}, {'status': 'UN', 'address': '127.0.0.1', 'load': '390.05 KiB', 'tokens': 16, 'owns': '27.1%', 'host_id': 'b07e2ec9-85d0-484e-b201-b9c9bc90ba55', 'rack': 'rack1'}, {'status': 'UN', 'address': '127.0.0.4', 'load': '134.94 KiB', 'tokens': 16, 'owns': '19.0%', 'host_id': '1c4557d8-e35b-4b36-ad01-3b34e62b0b46', 'rack': 'rack1'}, {'status': 'UN', 'address': '127.0.0.3', 'load': '134.89 KiB', 'tokens': 16, 'owns': '29.8%', 'host_id': '2da49f5b-5819-4c8f-8d50-f05f63e986a5', 'rack': 'rack1'}]"
18750,"[{'status': 'UN', 'address': '127.0.0.2', 'load': '80.71 KiB', 'tokens': 16, 'owns': '24.0%', 'host_id': '18681966-978f-4d09-8cb5-f7c128932b5d', 'rack': 'rack1'}, {'status': 'UN', 'address': '127.0.0.1', 'load': '414.63 KiB', 'tokens': 16, 'owns': '27.1%', 'host_id': 'b07e2ec9-85d0-484e-b201-b9c9bc90ba55', 'rack': 'rack1'}, {'status': 'UN', 'address': '127.0.0.4', 'load': '134.94 KiB', 'tokens': 16, 'owns': '19.0%', 'host_id': '1c4557d8-e35b-4b36-ad01-3b34e62b0b46', 'rack': 'rack1'}, {'status': 'UN', 'address': '127.0.0.3', 'load': '134.89 KiB', 'tokens': 16, 'owns': '29.8%', 'host_id': '2da49f5b-5819-4c8f-8d50-f05f63e986a5', 'rack': 'rack1'}]"
19000,"[{'status': 'UN', 'address': '127.0.0.2', 'load': '80.71 KiB', 'tokens': 16, 'owns': '24.0%', 'host_id': '18681966-978f-4d09-8cb5-f7c128932b5d', 'rack': 'rack1'}, {'status': 'UN', 'address': '127.0.0.1', 'load': '408.53 KiB', 'tokens': 16, 'owns': '27.1%', 'host_id': 'b07e2ec9-85d0-484e-b201-b9c9bc90ba55', 'rack': 'rack1'}, {'status': 'UN', 'address': '127.0.0.4', 'load': '134.94 KiB', 'tokens': 16, 'owns': '19.0%', 'host_id': '1c4557d8-e35b-4b36-ad01-3b34e62b0b46', 'rack': 'rack1'}, {'status': 'UN', 'address': '127.0.0.3', 'load': '134.89 KiB', 'tokens': 16, 'owns': '29.8%', 'host_id': '2da49f5b-5819-4c8f-8d50-f05f63e986a5', 'rack': 'rack1'}]"
19250,"[{'status': 'UN', 'address': '127.0.0.2', 'load': '80.71 KiB', 'tokens': 16, 'owns': '24.0%', 'host_id': '18681966-978f-4d09-8cb5-f7c128932b5d', 'rack': 'rack1'}, {'status': 'UN', 'address': '127.0.0.1', 'load': '433.15 KiB', 'tokens': 16, 'owns': '27.1%', 'host_id': 'b07e2ec9-85d0-484e-b201-b9c9bc90ba55', 'rack': 'rack1'}, {'status': 'UN', 'address': '127.0.0.4', 'load': '134.94 KiB', 'tokens': 16, 'owns': '19.0%', 'host_id': '1c4557d8-e35b-4b36-ad01-3b34e62b0b46', 'rack': 'rack1'}, {'status': 'UN', 'address': '127.0.0.3', 'load': '134.89 KiB', 'tokens': 16, 'owns': '29.8%', 'host_id': '2da49f5b-5819-4c8f-8d50-f05f63e986a5', 'rack': 'rack1'}]"
19500,"[{'status': 'UN', 'address': '127.0.0.2', 'load': '80.71 KiB', 'tokens': 16, 'owns': '24.0%', 'host_id': '18681966-978f-4d09-8cb5-f7c128932b5d', 'rack': 'rack1'}, {'status': 'UN', 'address': '127.0.0.1', 'load': '441.35 KiB', 'tokens': 16, 'owns': '27.1%', 'host_id': 'b07e2ec9-85d0-484e-b201-b9c9bc90ba55', 'rack': 'rack1'}, {'status': 'UN', 'address': '127.0.0.4', 'load': '134.94 KiB', 'tokens': 16, 'owns': '19.0%', 'host_id': '1c4557d8-e35b-4b36-ad01-3b34e62b0b46', 'rack': 'rack1'}, {'status': 'UN', 'address': '127.0.0.3', 'load': '134.89 KiB', 'tokens': 16, 'owns': '29.8%', 'host_id': '2da49f5b-5819-4c8f-8d50-f05f63e986a5', 'rack': 'rack1'}]"
19750,"[{'status': 'UN', 'address': '127.0.0.2', 'load': '80.71 KiB', 'tokens': 16, 'owns': '24.0%', 'host_id': '18681966-978f-4d09-8cb5-f7c128932b5d', 'rack': 'rack1'}, {'status': 'UN', 'address': '127.0.0.1', 'load': '435.25 KiB', 'tokens': 16, 'owns': '27.1%', 'host_id': 'b07e2ec9-85d0-484e-b201-b9c9bc90ba55', 'rack': 'rack1'}, {'status': 'UN', 'address': '127.0.0.4', 'load': '134.94 KiB', 'tokens': 16, 'owns': '19.0%', 'host_id': '1c4557d8-e35b-4b36-ad01-3b34e62b0b46', 'rack': 'rack1'}, {'status': 'UN', 'address': '127.0.0.3', 'load': '134.89 KiB', 'tokens': 16, 'owns': '29.8%', 'host_id': '2da49f5b-5819-4c8f-8d50-f05f63e986a5', 'rack': 'rack1'}]"
20000,"[{'status': 'UN', 'address': '127.0.0.2', 'load': '80.71 KiB', 'tokens': 16, 'owns': '24.0%', 'host_id': '18681966-978f-4d09-8cb5-f7c128932b5d', 'rack': 'rack1'}, {'status': 'UN', 'address': '127.0.0.1', 'load': '410.86 KiB', 'tokens': 16, 'owns': '27.1%', 'host_id': 'b07e2ec9-85d0-484e-b201-b9c9bc90ba55', 'rack': 'rack1'}, {'status': 'UN', 'address': '127.0.0.4', 'load': '134.94 KiB', 'tokens': 16, 'owns': '19.0%', 'host_id': '1c4557d8-e35b-4b36-ad01-3b34e62b0b46', 'rack': 'rack1'}, {'status': 'UN', 'address': '127.0.0.3', 'load': '134.89 KiB', 'tokens': 16, 'owns': '29.8%', 'host_id': '2da49f5b-5819-4c8f-8d50-f05f63e986a5', 'rack': 'rack1'}]"
20250,"[{'status': 'UN', 'address': '127.0.0.2', 'load': '80.71 KiB', 'tokens': 16, 'owns': '24.0%', 'host_id': '18681966-978f-4d09-8cb5-f7c128932b5d', 'rack': 'rack1'}, {'status': 'UN', 'address': '127.0.0.1', 'load': '436.19 KiB', 'tokens': 16, 'owns': '27.1%', 'host_id': 'b07e2ec9-85d0-484e-b201-b9c9bc90ba55', 'rack': 'rack1'}, {'status': 'UN', 'address': '127.0.0.4', 'load': '134.94 KiB', 'tokens': 16, 'owns': '19.0%', 'host_id': '1c4557d8-e35b-4b36-ad01-3b34e62b0b46', 'rack': 'rack1'}, {'status': 'UN', 'address': '127.0.0.3', 'load': '134.89 KiB', 'tokens': 16, 'owns': '29.8%', 'host_id': '2da49f5b-5819-4c8f-8d50-f05f63e986a5', 'rack': 'rack1'}]"
20500,"[{'status': 'UN', 'address': '127.0.0.2', 'load': '80.71 KiB', 'tokens': 16, 'owns': '24.0%', 'host_id': '18681966-978f-4d09-8cb5-f7c128932b5d', 'rack': 'rack1'}, {'status': 'UN', 'address': '127.0.0.1', 'load': '429.41 KiB', 'tokens': 16, 'owns': '27.1%', 'host_id': 'b07e2ec9-85d0-484e-b201-b9c9bc90ba55', 'rack': 'rack1'}, {'status': 'UN', 'address': '127.0.0.4', 'load': '134.94 KiB', 'tokens': 16, 'owns': '19.0%', 'host_id': '1c4557d8-e35b-4b36-ad01-3b34e62b0b46', 'rack': 'rack1'}, {'status': 'UN', 'address': '127.0.0.3', 'load': '134.89 KiB', 'tokens': 16, 'owns': '29.8%', 'host_id': '2da49f5b-5819-4c8f-8d50-f05f63e986a5', 'rack': 'rack1'}]"
20750,"[{'status': 'UN', 'address': '127.0.0.2', 'load': '80.71 KiB', 'tokens': 16, 'owns': '24.0%', 'host_id': '18681966-978f-4d09-8cb5-f7c128932b5d', 'rack': 'rack1'}, {'status': 'UN', 'address': '127.0.0.1', 'load': '453.76 KiB', 'tokens': 16, 'owns': '27.1%', 'host_id': 'b07e2ec9-85d0-484e-b201-b9c9bc90ba55', 'rack': 'rack1'}, {'status': 'UN', 'address': '127.0.0.4', 'load': '134.94 KiB', 'tokens': 16, 'owns': '19.0%', 'host_id': '1c4557d8-e35b-4b36-ad01-3b34e62b0b46', 'rack': 'rack1'}, {'status': 'UN', 'address': '127.0.0.3', 'load': '134.89 KiB', 'tokens': 16, 'owns': '29.8%', 'host_id': '2da49f5b-5819-4c8f-8d50-f05f63e986a5', 'rack': 'rack1'}]"
21000,"[{'status': 'UN', 'address': '127.0.0.2', 'load': '80.71 KiB', 'tokens': 16, 'owns': '24.0%', 'host_id': '18681966-978f-4d09-8cb5-f7c128932b5d', 'rack': 'rack1'}, {'status': 'UN', 'address': '127.0.0.1', 'load': '461.9 KiB', 'tokens': 16, 'owns': '27.1%', 'host_id': 'b07e2ec9-85d0-484e-b201-b9c9bc90ba55', 'rack': 'rack1'}, {'status': 'UN', 'address': '127.0.0.4', 'load': '134.94 KiB', 'tokens': 16, 'owns': '19.0%', 'host_id': '1c4557d8-e35b-4b36-ad01-3b34e62b0b46', 'rack': 'rack1'}, {'status': 'UN', 'address': '127.0.0.3', 'load': '134.89 KiB', 'tokens': 16, 'owns': '29.8%', 'host_id': '2da49f5b-5819-4c8f-8d50-f05f63e986a5', 'rack': 'rack1'}]"
21250,"[{'status': 'UN', 'address': '127.0.0.2', 'load': '80.71 KiB', 'tokens': 16, 'owns': '24.0%', 'host_id': '18681966-978f-4d09-8cb5-f7c128932b5d', 'rack': 'rack1'}, {'status': 'UN', 'address': '127.0.0.1', 'load': '455.54 KiB', 'tokens': 16, 'owns': '27.1%', 'host_id': 'b07e2ec9-85d0-484e-b201-b9c9bc90ba55', 'rack': 'rack1'}, {'status': 'UN', 'address': '127.0.0.4', 'load': '134.94 KiB', 'tokens': 16, 'owns': '19.0%', 'host_id': '1c4557d8-e35b-4b36-ad01-3b34e62b0b46', 'rack': 'rack1'}, {'status': 'UN', 'address': '127.0.0.3', 'load': '134.89 KiB', 'tokens': 16, 'owns': '29.8%', 'host_id': '2da49f5b-5819-4c8f-8d50-f05f63e986a5', 'rack': 'rack1'}]"
21500,"[{'status': 'UN', 'address': '127.0.0.2', 'load': '80.71 KiB', 'tokens': 16, 'owns': '24.0%', 'host_id': '18681966-978f-4d09-8cb5-f7c128932b5d', 'rack': 'rack1'}, {'status': 'UN', 'address': '127.0.0.1', 'load': '430.68 KiB', 'tokens': 16, 'owns': '27.1%', 'host_id': 'b07e2ec9-85d0-484e-b201-b9c9bc90ba55', 'rack': 'rack1'}, {'status': 'UN', 'address': '127.0.0.4', 'load': '134.94 KiB', 'tokens': 16, 'owns': '19.0%', 'host_id': '1c4557d8-e35b-4b36-ad01-3b34e62b0b46', 'rack': 'rack1'}, {'status': 'UN', 'address': '127.0.0.3', 'load': '134.89 KiB', 'tokens': 16, 'owns': '29.8%', 'host_id': '2da49f5b-5819-4c8f-8d50-f05f63e986a5', 'rack': 'rack1'}]"
21750,"[{'status': 'UN', 'address': '127.0.0.2', 'load': '80.71 KiB', 'tokens': 16, 'owns': '24.0%', 'host_id': '18681966-978f-4d09-8cb5-f7c128932b5d', 'rack': 'rack1'}, {'status': 'UN', 'address': '127.0.0.1', 'load': '455.97 KiB', 'tokens': 16, 'owns': '27.1%', 'host_id': 'b07e2ec9-85d0-484e-b201-b9c9bc90ba55', 'rack': 'rack1'}, {'status': 'UN', 'address': '127.0.0.4', 'load': '134.94 KiB', 'tokens': 16, 'owns': '19.0%', 'host_id': '1c4557d8-e35b-4b36-ad01-3b34e62b0b46', 'rack': 'rack1'}, {'status': 'UN', 'address': '127.0.0.3', 'load': '134.89 KiB', 'tokens': 16, 'owns': '29.8%', 'host_id': '2da49f5b-5819-4c8f-8d50-f05f63e986a5', 'rack': 'rack1'}]"
22000,"[{'status': 'UN', 'address': '127.0.0.2', 'load': '80.71 KiB', 'tokens': 16, 'owns': '24.0%', 'host_id': '18681966-978f-4d09-8cb5-f7c128932b5d', 'rack': 'rack1'}, {'status': 'UN', 'address': '127.0.0.1', 'load': '449.83 KiB', 'tokens': 16, 'owns': '27.1%', 'host_id': 'b07e2ec9-85d0-484e-b201-b9c9bc90ba55', 'rack': 'rack1'}, {'status': 'UN', 'address': '127.0.0.4', 'load': '134.94 KiB', 'tokens': 16, 'owns': '19.0%', 'host_id': '1c4557d8-e35b-4b36-ad01-3b34e62b0b46', 'rack': 'rack1'}, {'status': 'UN', 'address': '127.0.0.3', 'load': '134.89 KiB', 'tokens': 16, 'owns': '29.8%', 'host_id': '2da49f5b-5819-4c8f-8d50-f05f63e986a5', 'rack': 'rack1'}]"
22250,"[{'status': 'UN', 'address': '127.0.0.2', 'load': '80.71 KiB', 'tokens': 16, 'owns': '24.0%', 'host_id': '18681966-978f-4d09-8cb5-f7c128932b5d', 'rack': 'rack1'}, {'status': 'UN', 'address': '127.0.0.1', 'load': '474.19 KiB', 'tokens': 16, 'owns': '27.1%', 'host_id': 'b07e2ec9-85d0-484e-b201-b9c9bc90ba55', 'rack': 'rack1'}, {'status': 'UN', 'address': '127.0.0.4', 'load': '134.94 KiB', 'tokens': 16, 'owns': '19.0%', 'host_id': '1c4557d8-e35b-4b36-ad01-3b34e62b0b46', 'rack': 'rack1'}, {'status': 'UN', 'address': '127.0.0.3', 'load': '134.89 KiB', 'tokens': 16, 'owns': '29.8%', 'host_id': '2da49f5b-5819-4c8f-8d50-f05f63e986a5', 'rack': 'rack1'}]"
22500,"[{'status': 'UN', 'address': '127.0.0.2', 'load': '80.71 KiB', 'tokens': 16, 'owns': '24.0%', 'host_id': '18681966-978f-4d09-8cb5-f7c128932b5d', 'rack': 'rack1'}, {'status': 'UN', 'address': '127.0.0.1', 'load': '482.23 KiB', 'tokens': 16, 'owns': '27.1%', 'host_id': 'b07e2ec9-85d0-484e-b201-b9c9bc90ba55', 'rack': 'rack1'}, {'status': 'UN', 'address': '127.0.0.4', 'load': '134.94 KiB', 'tokens': 16, 'owns': '19.0%', 'host_id': '1c4557d8-e35b-4b36-ad01-3b34e62b0b46', 'rack': 'rack1'}, {'status': 'UN', 'address': '127.0.0.3', 'load': '134.89 KiB', 'tokens': 16, 'owns': '29.8%', 'host_id': '2da49f5b-5819-4c8f-8d50-f05f63e986a5', 'rack': 'rack1'}]"
22750,"[{'status': 'UN', 'address': '127.0.0.2', 'load': '80.71 KiB', 'tokens': 16, 'owns': '24.0%', 'host_id': '18681966-978f-4d09-8cb5-f7c128932b5d', 'rack': 'rack1'}, {'status': 'UN', 'address': '127.0.0.1', 'load': '475.54 KiB', 'tokens': 16, 'owns': '27.1%', 'host_id': 'b07e2ec9-85d0-484e-b201-b9c9bc90ba55', 'rack': 'rack1'}, {'status': 'UN', 'address': '127.0.0.4', 'load': '134.94 KiB', 'tokens': 16, 'owns': '19.0%', 'host_id': '1c4557d8-e35b-4b36-ad01-3b34e62b0b46', 'rack': 'rack1'}, {'status': 'UN', 'address': '127.0.0.3', 'load': '134.89 KiB', 'tokens': 16, 'owns': '29.8%', 'host_id': '2da49f5b-5819-4c8f-8d50-f05f63e986a5', 'rack': 'rack1'}]"
23000,"[{'status': 'UN', 'address': '127.0.0.2', 'load': '80.71 KiB', 'tokens': 16, 'owns': '24.0%', 'host_id': '18681966-978f-4d09-8cb5-f7c128932b5d', 'rack': 'rack1'}, {'status': 'UN', 'address': '127.0.0.1', 'load': '449.91 KiB', 'tokens': 16, 'owns': '27.1%', 'host_id': 'b07e2ec9-85d0-484e-b201-b9c9bc90ba55', 'rack': 'rack1'}, {'status': 'UN', 'address': '127.0.0.4', 'load': '134.94 KiB', 'tokens': 16, 'owns': '19.0%', 'host_id': '1c4557d8-e35b-4b36-ad01-3b34e62b0b46', 'rack': 'rack1'}, {'status': 'UN', 'address': '127.0.0.3', 'load': '134.89 KiB', 'tokens': 16, 'owns': '29.8%', 'host_id': '2da49f5b-5819-4c8f-8d50-f05f63e986a5', 'rack': 'rack1'}]"
23250,"[{'status': 'UN', 'address': '127.0.0.2', 'load': '80.71 KiB', 'tokens': 16, 'owns': '24.0%', 'host_id': '18681966-978f-4d09-8cb5-f7c128932b5d', 'rack': 'rack1'}, {'status': 'UN', 'address': '127.0.0.1', 'load': '474.27 KiB', 'tokens': 16, 'owns': '27.1%', 'host_id': 'b07e2ec9-85d0-484e-b201-b9c9bc90ba55', 'rack': 'rack1'}, {'status': 'UN', 'address': '127.0.0.4', 'load': '134.94 KiB', 'tokens': 16, 'owns': '19.0%', 'host_id': '1c4557d8-e35b-4b36-ad01-3b34e62b0b46', 'rack': 'rack1'}, {'status': 'UN', 'address': '127.0.0.3', 'load': '134.89 KiB', 'tokens': 16, 'owns': '29.8%', 'host_id': '2da49f5b-5819-4c8f-8d50-f05f63e986a5', 'rack': 'rack1'}]"
23500,"[{'status': 'UN', 'address': '127.0.0.2', 'load': '80.71 KiB', 'tokens': 16, 'owns': '24.0%', 'host_id': '18681966-978f-4d09-8cb5-f7c128932b5d', 'rack': 'rack1'}, {'status': 'UN', 'address': '127.0.0.1', 'load': '467.92 KiB', 'tokens': 16, 'owns': '27.1%', 'host_id': 'b07e2ec9-85d0-484e-b201-b9c9bc90ba55', 'rack': 'rack1'}, {'status': 'UN', 'address': '127.0.0.4', 'load': '134.94 KiB', 'tokens': 16, 'owns': '19.0%', 'host_id': '1c4557d8-e35b-4b36-ad01-3b34e62b0b46', 'rack': 'rack1'}, {'status': 'UN', 'address': '127.0.0.3', 'load': '134.89 KiB', 'tokens': 16, 'owns': '29.8%', 'host_id': '2da49f5b-5819-4c8f-8d50-f05f63e986a5', 'rack': 'rack1'}]"
23750,"[{'status': 'UN', 'address': '127.0.0.2', 'load': '80.71 KiB', 'tokens': 16, 'owns': '24.0%', 'host_id': '18681966-978f-4d09-8cb5-f7c128932b5d', 'rack': 'rack1'}, {'status': 'UN', 'address': '127.0.0.1', 'load': '492.09 KiB', 'tokens': 16, 'owns': '27.1%', 'host_id': 'b07e2ec9-85d0-484e-b201-b9c9bc90ba55', 'rack': 'rack1'}, {'status': 'UN', 'address': '127.0.0.4', 'load': '134.94 KiB', 'tokens': 16, 'owns': '19.0%', 'host_id': '1c4557d8-e35b-4b36-ad01-3b34e62b0b46', 'rack': 'rack1'}, {'status': 'UN', 'address': '127.0.0.3', 'load': '134.89 KiB', 'tokens': 16, 'owns': '29.8%', 'host_id': '2da49f5b-5819-4c8f-8d50-f05f63e986a5', 'rack': 'rack1'}]"
24000,"[{'status': 'UN', 'address': '127.0.0.2', 'load': '80.71 KiB', 'tokens': 16, 'owns': '24.0%', 'host_id': '18681966-978f-4d09-8cb5-f7c128932b5d', 'rack': 'rack1'}, {'status': 'UN', 'address': '127.0.0.1', 'load': '499.78 KiB', 'tokens': 16, 'owns': '27.1%', 'host_id': 'b07e2ec9-85d0-484e-b201-b9c9bc90ba55', 'rack': 'rack1'}, {'status': 'UN', 'address': '127.0.0.4', 'load': '134.94 KiB', 'tokens': 16, 'owns': '19.0%', 'host_id': '1c4557d8-e35b-4b36-ad01-3b34e62b0b46', 'rack': 'rack1'}, {'status': 'UN', 'address': '127.0.0.3', 'load': '134.89 KiB', 'tokens': 16, 'owns': '29.8%', 'host_id': '2da49f5b-5819-4c8f-8d50-f05f63e986a5', 'rack': 'rack1'}]"
24250,"[{'status': 'UN', 'address': '127.0.0.2', 'load': '80.71 KiB', 'tokens': 16, 'owns': '24.0%', 'host_id': '18681966-978f-4d09-8cb5-f7c128932b5d', 'rack': 'rack1'}, {'status': 'UN', 'address': '127.0.0.1', 'load': '493.1 KiB', 'tokens': 16, 'owns': '27.1%', 'host_id': 'b07e2ec9-85d0-484e-b201-b9c9bc90ba55', 'rack': 'rack1'}, {'status': 'UN', 'address': '127.0.0.4', 'load': '134.94 KiB', 'tokens': 16, 'owns': '19.0%', 'host_id': '1c4557d8-e35b-4b36-ad01-3b34e62b0b46', 'rack': 'rack1'}, {'status': 'UN', 'address': '127.0.0.3', 'load': '134.89 KiB', 'tokens': 16, 'owns': '29.8%', 'host_id': '2da49f5b-5819-4c8f-8d50-f05f63e986a5', 'rack': 'rack1'}]"
24500,"[{'status': 'UN', 'address': '127.0.0.2', 'load': '80.71 KiB', 'tokens': 16, 'owns': '24.0%', 'host_id': '18681966-978f-4d09-8cb5-f7c128932b5d', 'rack': 'rack1'}, {'status': 'UN', 'address': '127.0.0.1', 'load': '468.36 KiB', 'tokens': 16, 'owns': '27.1%', 'host_id': 'b07e2ec9-85d0-484e-b201-b9c9bc90ba55', 'rack': 'rack1'}, {'status': 'UN', 'address': '127.0.0.4', 'load': '134.94 KiB', 'tokens': 16, 'owns': '19.0%', 'host_id': '1c4557d8-e35b-4b36-ad01-3b34e62b0b46', 'rack': 'rack1'}, {'status': 'UN', 'address': '127.0.0.3', 'load': '134.89 KiB', 'tokens': 16, 'owns': '29.8%', 'host_id': '2da49f5b-5819-4c8f-8d50-f05f63e986a5', 'rack': 'rack1'}]"
24750,"[{'status': 'UN', 'address': '127.0.0.2', 'load': '80.71 KiB', 'tokens': 16, 'owns': '24.0%', 'host_id': '18681966-978f-4d09-8cb5-f7c128932b5d', 'rack': 'rack1'}, {'status': 'UN', 'address': '127.0.0.1', 'load': '512.25 KiB', 'tokens': 16, 'owns': '27.1%', 'host_id': 'b07e2ec9-85d0-484e-b201-b9c9bc90ba55', 'rack': 'rack1'}, {'status': 'UN', 'address': '127.0.0.4', 'load': '134.94 KiB', 'tokens': 16, 'owns': '19.0%', 'host_id': '1c4557d8-e35b-4b36-ad01-3b34e62b0b46', 'rack': 'rack1'}, {'status': 'UN', 'address': '127.0.0.3', 'load': '134.89 KiB', 'tokens': 16, 'owns': '29.8%', 'host_id': '2da49f5b-5819-4c8f-8d50-f05f63e986a5', 'rack': 'rack1'}]"
25000,"[{'status': 'UN', 'address': '127.0.0.2', 'load': '80.71 KiB', 'tokens': 16, 'owns': '24.0%', 'host_id': '18681966-978f-4d09-8cb5-f7c128932b5d', 'rack': 'rack1'}, {'status': 'UN', 'address': '127.0.0.1', 'load': '505.65 KiB', 'tokens': 16, 'owns': '27.1%', 'host_id': 'b07e2ec9-85d0-484e-b201-b9c9bc90ba55', 'rack': 'rack1'}, {'status': 'UN', 'address': '127.0.0.4', 'load': '134.94 KiB', 'tokens': 16, 'owns': '19.0%', 'host_id': '1c4557d8-e35b-4b36-ad01-3b34e62b0b46', 'rack': 'rack1'}, {'status': 'UN', 'address': '127.0.0.3', 'load': '134.89 KiB', 'tokens': 16, 'owns': '29.8%', 'host_id': '2da49f5b-5819-4c8f-8d50-f05f63e986a5', 'rack': 'rack1'}]"
